Flow_ID,Agent_Prediction,Ground_Truth,Match,Anomaly_Score,Threshold_Exceeded,Attack_Category,Classification
1,0,0,CORRECT,0.00005929,False,Normal,N/A
2,1,0,INCORRECT,0.00021237,True,Normal,Classified as SUSPICIOUS
3,1,0,INCORRECT,0.00014288,True,Normal,Classified as SUSPICIOUS
4,1,0,INCORRECT,0.00015251,True,Normal,Classified as SUSPICIOUS
5,0,0,CORRECT,0.00005946,False,Normal,N/A
6,1,0,INCORRECT,0.00019835,True,Normal,Classified as SUSPICIOUS
7,1,0,INCORRECT,0.00597323,True,Normal,Classified as ZERO-DAY
8,1,0,INCORRECT,0.00009784,True,Normal,Classified as SUSPICIOUS
9,1,0,INCORRECT,0.00010076,True,Normal,Classified as SUSPICIOUS
10,1,0,INCORRECT,0.00597323,True,Normal,Classified as ZERO-DAY
11,1,0,INCORRECT,0.00597323,True,Normal,Classified as ZERO-DAY
12,1,0,INCORRECT,0.00597323,True,Normal,Classified as ZERO-DAY
13,1,0,INCORRECT,0.00008409,True,Normal,Classified as SUSPICIOUS
14,0,0,CORRECT,0.00004253,False,Normal,N/A
15,0,0,CORRECT,0.00005532,False,Normal,N/A
16,1,0,INCORRECT,0.00011128,True,Normal,Classified as SUSPICIOUS
17,0,0,CORRECT,0.00004282,False,Normal,N/A
18,0,0,CORRECT,0.00005549,False,Normal,N/A
19,1,0,INCORRECT,0.00012749,True,Normal,Classified as SUSPICIOUS
20,1,0,INCORRECT,0.00011106,True,Normal,Classified as SUSPICIOUS
21,1,0,INCORRECT,0.00075189,True,Normal,Classified as SUSPICIOUS
22,1,0,INCORRECT,0.00031452,True,Normal,Classified as SUSPICIOUS
23,1,0,INCORRECT,0.00008187,True,Normal,Classified as SUSPICIOUS
24,1,0,INCORRECT,0.00010688,True,Normal,Classified as SUSPICIOUS
25,1,0,INCORRECT,0.00008567,True,Normal,Classified as SUSPICIOUS
26,1,0,INCORRECT,0.00010014,True,Normal,Classified as SUSPICIOUS
27,1,0,INCORRECT,0.00010204,True,Normal,Classified as SUSPICIOUS
28,1,0,INCORRECT,0.00007126,True,Normal,Classified as SUSPICIOUS
29,1,0,INCORRECT,0.00010863,True,Normal,Classified as SUSPICIOUS
30,1,0,INCORRECT,0.00007647,True,Normal,Classified as SUSPICIOUS
31,1,0,INCORRECT,0.00011627,True,Normal,Classified as SUSPICIOUS
32,1,0,INCORRECT,0.00009069,True,Normal,Classified as SUSPICIOUS
33,0,0,CORRECT,0.00006840,False,Normal,N/A
34,1,0,INCORRECT,0.00016603,True,Normal,Classified as SUSPICIOUS
35,0,0,CORRECT,0.00006062,False,Normal,N/A
36,1,0,INCORRECT,0.00009956,True,Normal,Classified as SUSPICIOUS
37,1,0,INCORRECT,0.00007296,True,Normal,Classified as SUSPICIOUS
38,1,0,INCORRECT,0.00013476,True,Normal,Classified as SUSPICIOUS
39,1,0,INCORRECT,0.00038503,True,Normal,Classified as ZERO-DAY
40,1,0,INCORRECT,0.00032013,True,Normal,Classified as SUSPICIOUS
41,1,0,INCORRECT,0.00007646,True,Normal,Classified as SUSPICIOUS
42,1,0,INCORRECT,0.00013763,True,Normal,Classified as SUSPICIOUS
43,0,0,CORRECT,0.00003594,False,Normal,N/A
44,1,0,INCORRECT,0.00008065,True,Normal,Classified as SUSPICIOUS
45,0,0,CORRECT,0.00003363,False,Normal,N/A
46,1,0,INCORRECT,0.00010887,True,Normal,Classified as SUSPICIOUS
47,1,0,INCORRECT,0.00009151,True,Normal,Classified as SUSPICIOUS
48,1,0,INCORRECT,0.00010016,True,Normal,Classified as SUSPICIOUS
49,1,0,INCORRECT,0.00018827,True,Normal,Classified as SUSPICIOUS
50,1,0,INCORRECT,0.00019837,True,Normal,Classified as SUSPICIOUS
51,0,0,CORRECT,0.00006164,False,Normal,N/A
52,0,0,CORRECT,0.00005919,False,Normal,N/A
53,1,0,INCORRECT,0.00010686,True,Normal,Classified as SUSPICIOUS
54,1,0,INCORRECT,0.00012418,True,Normal,Classified as SUSPICIOUS
55,1,0,INCORRECT,0.00009914,True,Normal,N/A
56,1,0,INCORRECT,0.00022205,True,Normal,N/A
57,1,0,INCORRECT,0.00067685,True,Normal,N/A
58,1,0,INCORRECT,0.00024293,True,Normal,N/A
59,0,0,CORRECT,0.00006643,False,Normal,N/A
60,1,0,INCORRECT,0.00007505,True,Normal,N/A
61,1,0,INCORRECT,0.00012764,True,Normal,N/A
62,1,0,INCORRECT,0.00013473,True,Normal,N/A
63,1,0,INCORRECT,0.00012670,True,Normal,N/A
64,1,0,INCORRECT,0.00012078,True,Normal,N/A
65,0,0,CORRECT,0.00006731,False,Normal,N/A
66,1,0,INCORRECT,0.00007042,True,Normal,N/A
73,0,0,CORRECT,0.00002616,False,Normal,N/A
72,1,0,INCORRECT,0.00019818,True,Normal,Classified as SUSPICIOUS
74,1,0,INCORRECT,0.00013179,True,Normal,N/A
75,1,0,INCORRECT,0.00012653,True,Normal,N/A
76,1,0,INCORRECT,0.00010598,True,Normal,N/A
77,1,0,INCORRECT,0.00226710,True,Normal,N/A
78,1,0,INCORRECT,0.00013729,True,Normal,N/A
81,1,0,INCORRECT,0.00013506,True,Normal,Classified as SUSPICIOUS
80,1,0,INCORRECT,0.00068253,True,Normal,Classified as SUSPICIOUS
82,1,0,INCORRECT,0.00013491,True,Normal,Classified as SUSPICIOUS
83,1,0,INCORRECT,0.00011921,True,Normal,Classified as SUSPICIOUS
84,1,0,INCORRECT,0.00011572,True,Normal,Classified as SUSPICIOUS
85,1,0,INCORRECT,0.00008066,True,Normal,Classified as SUSPICIOUS
86,1,0,INCORRECT,0.00021659,True,Normal,Classified as SUSPICIOUS
87,0,0,CORRECT,0.00006349,False,Normal,N/A
88,0,0,CORRECT,0.00006064,False,Normal,N/A
89,1,0,INCORRECT,0.00012671,True,Normal,Classified as SUSPICIOUS
90,1,0,INCORRECT,0.00023254,True,Normal,Classified as SUSPICIOUS
91,1,0,INCORRECT,0.00010022,True,Normal,Classified as SUSPICIOUS
92,1,0,INCORRECT,0.00014523,True,Normal,Classified as SUSPICIOUS
93,1,0,INCORRECT,0.00007760,True,Normal,Classified as SUSPICIOUS
94,0,0,CORRECT,0.00005770,False,Normal,N/A
95,1,0,INCORRECT,0.00222833,True,Normal,Classified as SUSPICIOUS
96,1,0,INCORRECT,0.00020416,True,Normal,Classified as SUSPICIOUS
97,0,0,CORRECT,0.00006459,False,Normal,N/A
98,1,0,INCORRECT,0.00023039,True,Normal,Classified as SUSPICIOUS
99,1,0,INCORRECT,0.00007199,True,Normal,Classified as SUSPICIOUS
100,1,0,INCORRECT,0.00007529,True,Normal,Classified as SUSPICIOUS
101,1,0,INCORRECT,0.00035518,True,Normal,Classified as SUSPICIOUS
102,1,0,INCORRECT,0.00010055,True,Normal,Classified as SUSPICIOUS
103,1,0,INCORRECT,0.00010120,True,Normal,Classified as SUSPICIOUS
104,0,0,CORRECT,0.00006326,False,Normal,N/A
105,1,0,INCORRECT,0.00018829,True,Normal,Classified as SUSPICIOUS
106,0,0,CORRECT,0.00006650,False,Normal,N/A
107,1,0,INCORRECT,0.00010195,True,Normal,Classified as SUSPICIOUS
108,1,0,INCORRECT,0.00025968,True,Normal,Classified as SUSPICIOUS
109,1,0,INCORRECT,0.00125052,True,Normal,Classified as SUSPICIOUS
110,1,0,INCORRECT,0.00009792,True,Normal,Classified as SUSPICIOUS
111,1,0,INCORRECT,0.00022628,True,Normal,Classified as SUSPICIOUS
112,1,0,INCORRECT,0.00026399,True,Normal,Classified as SUSPICIOUS
113,1,0,INCORRECT,0.00018661,True,Normal,Classified as SUSPICIOUS
114,1,0,INCORRECT,0.00018676,True,Normal,Classified as SUSPICIOUS
115,1,0,INCORRECT,0.00013141,True,Normal,Classified as SUSPICIOUS
116,1,0,INCORRECT,0.00026393,True,Normal,Classified as SUSPICIOUS
117,1,0,INCORRECT,0.00010401,True,Normal,Classified as SUSPICIOUS
118,1,0,INCORRECT,0.00015080,True,Normal,Classified as SUSPICIOUS
119,1,0,INCORRECT,0.01212725,True,Normal,Classified as SUSPICIOUS
120,1,0,INCORRECT,0.01212725,True,Normal,Classified as SUSPICIOUS
121,1,0,INCORRECT,0.01212725,True,Normal,Classified as SUSPICIOUS
122,1,0,INCORRECT,0.01212725,True,Normal,Classified as SUSPICIOUS
123,1,0,INCORRECT,0.00014996,True,Normal,Classified as SUSPICIOUS
124,1,0,INCORRECT,0.00013669,True,Normal,N/A
125,1,0,INCORRECT,0.00009874,True,Normal,Classified as SUSPICIOUS
126,1,0,INCORRECT,0.00035434,True,Normal,N/A
127,1,0,INCORRECT,0.00011174,True,Normal,N/A
128,1,0,INCORRECT,0.00009458,True,Normal,N/A
129,1,0,INCORRECT,0.00008329,True,Normal,N/A
130,1,0,INCORRECT,0.00050113,True,Normal,N/A
131,1,0,INCORRECT,0.00118209,True,Normal,N/A
132,1,0,INCORRECT,0.00019614,True,Normal,N/A
133,1,0,INCORRECT,0.00011661,True,Normal,N/A
134,1,0,INCORRECT,0.00007638,True,Normal,N/A
135,0,0,CORRECT,0.00004822,False,Normal,N/A
136,0,0,CORRECT,0.00004459,False,Normal,N/A
137,1,0,INCORRECT,0.00013723,True,Normal,N/A
138,1,0,INCORRECT,0.00027247,True,Normal,N/A
139,1,0,INCORRECT,0.00016827,True,Normal,N/A
140,1,0,INCORRECT,0.00011943,True,Normal,N/A
141,1,0,INCORRECT,0.00011943,True,Normal,N/A
142,1,0,INCORRECT,0.00008848,True,Normal,N/A
143,1,0,INCORRECT,0.00020534,True,Normal,N/A
